{
  "info": [
    {
      "id": 1,
      "article": "Перечень документов в детский сад",
      "img": ["https://activityedu.ru/file_storage/download?entity=sxid3ad2-e94b-461b-9ede-6ba96695cb92"],
      "text": "• Копию свидетельства о рождении ребенка • Медицинскую карту ребенка (форма-26) • Прививочную карту ребенка (форма-63) • Копию паспорта одного из родителей"
    },
    {
      "id": 2,
      "article": "Требования к внешнему виду детей и к одежде в саду",
      "img": ["https://www.psychologos.ru/images/4/4f/Detskiy_sad.jpg"],
      "text": "Мы рекомендуем принести:- Комплект сменной одежды (футболочки, шортики, штанишки - для мальчиков, футболочки, платьица, юбочки - для девочек) - Комплект сменного белья (трусики, носочки) - Сменная обувь (удобнее на липучках) - Пижамка - Форма для занятий физкультурой и ритмикой (белая футболка, чешки, девочки – лосины, мальчики – шортики) - Расческа - Для самых маленьких - подгузники (на 1 день хватает 3-4 штуки) Требования к внешнему виду детей: - Умытое лицо - Чистые руки, нос, подстриженные ногти - Подстриженные и расчесанные волосы - Одежда и обувь ребенка должна быть удобной и комфортной. Ребенок должен быть в состоянии сам расстегнуть и снять одежду и обувь - Чистое нижнее белье"
    },
    {
      "id": 3,
      "article": "Руководство пользователя. Электронная очередь",
      "img":["https://pimg.mycdn.me/getImage?disableStub=true&type=VIDEO_S_720&url=https%3A%2F%2Fvdp.mycdn.me%2FgetImage%3Fid%3D377734564511%26idx%3D14%26thumbType%3D37%26f%3D1&signatureToken=yWcqUJ9CZTRipDQjJbcuhg"],
      "url": "https://drive.google.com/file/d/1fRs3Ukv76WTmbwVyPLHF7cBntkhlo5pF/view"
    },
    {
      "id": 4,
      "article": "14 правил адаптации ребенка к детскому саду",
      "img":["https://encrypted-tbn0.gstatic.com/images?q=tbn:ANd9GcRWvTbTKzuHqZDrkj3erDJPP1Pz1U7vvXeP0s9__MlzHI52YVExNQ&s"],
      "url": "https://ihappymama.ru/14-pravil-adaptatsii-rebenka-k-detskomu-sadu/"
    }
  ]
}